{"0":{"id":0,"start":0,"end":1,"path":{"Bezier2":[[0.0,0.0],[500.0,0.0]]},"color":"#a30f53","thickness":20.0,"length":500.0},"1":{"id":1,"start":1,"end":2,"path":{"Bezier2":[[500.0,0.0],[900.0,300.0]]},"color":"#3effa4","thickness":20.0,"length":500.0},"2":{"id":2,"start":1,"end":3,"path":{"Bezier2":[[500.0,0.0],[900.0,-300.0]]},"color":"#0953b1","thickness":20.0,"length":500.0},"3":{"id":3,"start":2,"end":0,"path":{"Bezier2":[[900.0,300.0],[0.0,0.0]]},"color":"#d5d9b9","thickness":20.0,"length":948.6832980505138},"4":{"id":4,"start":3,"end":0,"path":{"Bezier2":[[900.0,-300.0],[0.0,0.0]]},"color":"#74425d","thickness":20.0,"length":948.6832980505138}}