{"0":{"id":0,"start":0,"end":1,"path":{"Bezier4":[[2000.0,100.0],[2200.0,400.0],[2900.0,200.0],[2800.0,500.0]]},"color":"#6FC","thickness":20.0,"length":1149.610536745602},"1":{"id":1,"start":1,"end":2,"path":{"Bezier4":[[2800.0,500.0],[2400.0,300.0],[2400.0,550.0],[2200.0,550.0]]},"color":"#6FC","thickness":20.0,"length":749.6466622197863},"2":{"id":2,"start":2,"end":3,"path":{"Bezier4":[[2200.0,550.0],[2000.0,550.0],[2100.0,450.0],[1800.0,350.0]]},"color":"#6FC","thickness":20.0,"length":552.4313588770526},"3":{"id":3,"start":3,"end":4,"path":{"Bezier2":[[1800.0,350.0],[1300.0,400.0]]},"color":"#6FC","thickness":20.0,"length":502.4937810560445},"4":{"id":4,"start":4,"end":5,"path":{"Bezier3":[[1300.0,400.0],[1200.0,550.0],[1000.0,400.0]]},"color":"#6FC","thickness":20.0,"length":365.13878188659976},"5":{"id":5,"start":5,"end":6,"path":{"Bezier3":[[1000.0,400.0],[650.0,300.0],[300.0,400.0]]},"color":"#6FC","thickness":20.0,"length":714.0054944640259},"6":{"id":6,"start":6,"end":7,"path":{"Bezier4":[[300.0,400.0],[175.0,550.0],[-200.0,550.0],[-200.0,300.0]]},"color":"#6FC","thickness":20.0,"length":665.0790966284724},"7":{"id":7,"start":7,"end":8,"path":{"Bezier3":[[-200.0,300.0],[-445.0,500.0],[-1175.0,550.0]]},"color":"#6FC","thickness":20.0,"length":1027.259362087154},"8":{"id":8,"start":8,"end":9,"path":{"Bezier2":[[-1175.0,550.0],[-1500.0,400.0]]},"color":"#6FC","thickness":20.0,"length":357.94552658190884},"9":{"id":9,"start":9,"end":10,"path":{"Bezier2":[[-1500.0,400.0],[-2150.0,450.0]]},"color":"#6FC","thickness":20.0,"length":651.9202405202649},"10":{"id":10,"start":10,"end":11,"path":{"Bezier3":[[-2150.0,450.0],[-2600.0,550.0],[-2800.0,100.0]]},"color":"#6FC","thickness":20.0,"length":845.8306329830598},"11":{"id":11,"start":11,"end":12,"path":{"Bezier2":[[-2800.0,100.0],[-2100.0,100.0]]},"color":"#6FC","thickness":20.0,"length":700.0},"12":{"id":12,"start":12,"end":13,"path":{"Bezier4":[[-2100.0,100.0],[-1900.0,150.0],[-2000.0,300.0],[-1800.0,350.0]]},"color":"#6FC","thickness":20.0,"length":491.55030506514913},"13":{"id":13,"start":13,"end":14,"path":{"Bezier4":[[-1800.0,350.0],[-1700.0,350.0],[-1700.0,300.0],[-1700.0,100.0]]},"color":"#6FC","thickness":20.0,"length":309.6291201783626},"14":{"id":14,"start":14,"end":15,"path":{"Bezier4":[[-1700.0,100.0],[-1500.0,100.0],[-1600.0,300.0],[-1200.0,300.0]]},"color":"#6FC","thickness":20.0,"length":681.0616392317147},"15":{"id":15,"start":15,"end":16,"path":{"Bezier4":[[-1200.0,300.0],[-1100.0,300.0],[-950.0,200.0],[-900.0,100.0]]},"color":"#6FC","thickness":20.0,"length":376.3180450972939},"16":{"id":16,"start":16,"end":17,"path":{"Bezier4":[[-900.0,100.0],[-800.0,100.0],[-700.0,150.0],[-400.0,200.0]]},"color":"#6FC","thickness":20.0,"length":512.9217383745895},"17":{"id":17,"start":17,"end":18,"path":{"Bezier4":[[-400.0,200.0],[0.0,200.0],[0.0,50.0],[400.0,200.0]]},"color":"#6FC","thickness":20.0,"length":888.6000936329383},"18":{"id":18,"start":18,"end":19,"path":{"Bezier2":[[400.0,200.0],[750.0,200.0]]},"color":"#6FC","thickness":20.0,"length":350.0},"19":{"id":19,"start":19,"end":20,"path":{"Bezier3":[[750.0,200.0],[800.0,300.0],[900.0,200.0]]},"color":"#6FC","thickness":20.0,"length":201.6123775561495},"20":{"id":20,"start":20,"end":21,"path":{"Bezier4":[[900.0,200.0],[1100.0,100.0],[1100.0,300.0],[1300.0,300.0]]},"color":"#6FC","thickness":20.0,"length":517.9586801558726},"21":{"id":21,"start":21,"end":22,"path":{"Bezier2":[[1300.0,300.0],[1700.0,200.0]]},"color":"#6FC","thickness":20.0,"length":412.31056256176606},"22":{"id":22,"start":22,"end":0,"path":{"Bezier3":[[1700.0,200.0],[1900.0,250.0],[2000.0,100.0]]},"color":"#6FC","thickness":20.0,"length":351.3303055354602},"23":{"id":23,"start":0,"end":3,"path":{"Bezier2":[[2000.0,100.0],[1800.0,350.0]]},"color":"#6CC","thickness":20.0,"length":320.1562118716424},"24":{"id":24,"start":7,"end":17,"path":{"Bezier2":[[-200.0,300.0],[-400.0,200.0]]},"color":"#6CC","thickness":20.0,"length":223.60679774997897},"25":{"id":25,"start":0,"end":23,"path":{"Bezier2":[[2000.0,100.0],[2800.0,100.0]]},"color":"#C66","thickness":20.0,"length":800.0},"26":{"id":26,"start":19,"end":20,"path":{"Bezier3":[[750.0,200.0],[800.0,100.0],[900.0,200.0]]},"color":"#6CC","thickness":20.0,"length":201.6123775561495}}